-- phpMyAdmin SQL Dump
-- version 4.9.2
-- https://www.phpmyadmin.net/
--
-- Host: 127.0.0.1:3306
-- Generation Time: Oct 22, 2020 at 09:58 AM
-- Server version: 10.4.10-MariaDB
-- PHP Version: 7.3.12

SET SQL_MODE = "NO_AUTO_VALUE_ON_ZERO";
SET AUTOCOMMIT = 0;
START TRANSACTION;
SET time_zone = "+00:00";


/*!40101 SET @OLD_CHARACTER_SET_CLIENT=@@CHARACTER_SET_CLIENT */;
/*!40101 SET @OLD_CHARACTER_SET_RESULTS=@@CHARACTER_SET_RESULTS */;
/*!40101 SET @OLD_COLLATION_CONNECTION=@@COLLATION_CONNECTION */;
/*!40101 SET NAMES utf8mb4 */;

--
-- Database: `linkroob`
--

-- --------------------------------------------------------

--
-- Table structure for table `cat`
--

DROP TABLE IF EXISTS `cat`;
CREATE TABLE IF NOT EXISTS `cat` (
  `id` int(11) NOT NULL AUTO_INCREMENT,
  `name` varchar(64) CHARACTER SET utf8 COLLATE utf8_persian_ci NOT NULL,
  `city_filter_enable` tinyint(1) NOT NULL,
  PRIMARY KEY (`id`)
) ENGINE=MyISAM AUTO_INCREMENT=6 DEFAULT CHARSET=latin1;

--
-- Dumping data for table `cat`
--

INSERT INTO `cat` (`id`, `name`, `city_filter_enable`) VALUES
(1, 'فروشگاهی', 1),
(2, 'خدماتی', 1),
(3, 'اجتماعی', 0),
(4, 'گروه ها', 0);

-- --------------------------------------------------------

--
-- Table structure for table `chanels_ditails`
--

DROP TABLE IF EXISTS `chanels_ditails`;
CREATE TABLE IF NOT EXISTS `chanels_ditails` (
  `id` int(11) NOT NULL AUTO_INCREMENT,
  `chanel_id` varchar(256) COLLATE utf8mb4_bin NOT NULL,
  `cat_id` int(5) NOT NULL,
  `subcat_id` int(5) NOT NULL,
  `social_network_id` int(5) NOT NULL,
  `description` mediumtext COLLATE utf8mb4_bin DEFAULT NULL,
  `city_id` int(5) DEFAULT NULL,
  `joinchat_url` mediumtext COLLATE utf8mb4_bin DEFAULT NULL,
  `rate` double DEFAULT NULL,
  `views` int(5) NOT NULL DEFAULT 0,
  `upgrade` int(1) NOT NULL DEFAULT 0,
  `vip_date` int(11) NOT NULL DEFAULT 0,
  PRIMARY KEY (`id`)
) ENGINE=MyISAM AUTO_INCREMENT=33 DEFAULT CHARSET=utf8mb4 COLLATE=utf8mb4_bin;

-- --------------------------------------------------------

--
-- Table structure for table `chanels_hashtags`
--

DROP TABLE IF EXISTS `chanels_hashtags`;
CREATE TABLE IF NOT EXISTS `chanels_hashtags` (
  `id` int(6) NOT NULL AUTO_INCREMENT,
  `chanel_ditail_id` int(5) NOT NULL,
  `hashtag_id` int(5) NOT NULL,
  PRIMARY KEY (`id`)
) ENGINE=MyISAM AUTO_INCREMENT=34 DEFAULT CHARSET=latin1;

--
-- Dumping data for table `chanels_hashtags`
--

INSERT INTO `chanels_hashtags` (`id`, `chanel_ditail_id`, `hashtag_id`) VALUES
(33, 32, 0),
(31, 30, 0);

-- --------------------------------------------------------

--
-- Table structure for table `city`
--

DROP TABLE IF EXISTS `city`;
CREATE TABLE IF NOT EXISTS `city` (
  `id` int(5) NOT NULL AUTO_INCREMENT,
  `name` varchar(50) CHARACTER SET utf8 COLLATE utf8_persian_ci NOT NULL,
  PRIMARY KEY (`id`)
) ENGINE=MyISAM AUTO_INCREMENT=431 DEFAULT CHARSET=latin1;

--
-- Dumping data for table `city`
--

INSERT INTO `city` (`id`, `name`) VALUES
(1, 'آذرشهر'),
(2, 'اسکو'),
(3, 'اهر'),
(4, 'بستان آباد'),
(5, 'بناب'),
(6, 'تبریز'),
(7, 'جلفا'),
(8, 'چاراویماق'),
(9, 'خداآفرین'),
(10, 'سراب'),
(11, 'شبستر'),
(12, 'عجب شیر'),
(13, 'کلیبر'),
(14, 'مراغه'),
(15, 'مرند'),
(16, 'ملکان'),
(17, 'میانه'),
(18, 'ورزقان'),
(19, 'هریس'),
(20, 'هشترود'),
(21, 'ارومیه'),
(22, 'اشنویه'),
(23, 'بوکان'),
(24, 'پلدشت'),
(25, 'پیرانشهر'),
(26, 'تکاب'),
(27, 'چالدران'),
(28, 'چایپاره'),
(29, 'خوی'),
(30, 'سردشت'),
(31, 'سلماس'),
(32, 'شاهین دژ'),
(33, 'شوط'),
(34, 'ماکو'),
(35, 'مهاباد'),
(36, 'میاندوآب'),
(37, 'نقده'),
(38, 'اردبیل'),
(39, 'بیله سوار'),
(40, 'پارس آباد'),
(41, 'خلخال'),
(42, 'سرعین'),
(43, 'کوثر'),
(44, 'گرمی'),
(45, 'مشگین شهر'),
(46, 'نمین'),
(47, 'نیر'),
(48, 'آران وبیدگل'),
(49, 'اردستان'),
(50, 'اصفهان'),
(51, 'برخوار'),
(52, 'بو یین و میاندشت'),
(53, 'تیران وکرون'),
(54, 'چادگان'),
(55, 'خمینی شهر'),
(56, 'خوانسار'),
(57, 'خور و بیابانک'),
(58, 'دهاقان'),
(59, 'سمیرم'),
(60, 'شاهین شهرومیمه'),
(61, 'شهرضا'),
(62, 'فریدن'),
(63, 'فریدونشهر'),
(64, 'فلاورجان'),
(65, 'کاشان'),
(66, 'گلپایگان'),
(67, 'لنجان'),
(68, 'مبارکه'),
(69, 'نایین'),
(70, 'نجف آباد'),
(71, 'نطنز'),
(72, 'اشتهارد'),
(73, 'ساوجبلاغ'),
(74, 'طالقان'),
(75, 'فردیس'),
(76, 'کرج'),
(77, 'نظرآباد'),
(78, 'آبدانان'),
(79, 'ایلام'),
(80, 'ایوان'),
(81, 'بدره'),
(82, 'چرداول'),
(83, 'دره شهر'),
(84, 'دهلران'),
(85, 'سیروان'),
(86, 'ملکشاهی'),
(87, 'مهران'),
(88, 'بوشهر'),
(89, 'تنگستان'),
(90, 'جم'),
(91, 'دشتستان'),
(92, 'دشتی'),
(93, 'دیر'),
(94, 'دیلم'),
(95, 'عسلویه'),
(96, 'کنگان'),
(97, 'گناوه'),
(98, 'اسلامشهر'),
(99, 'بهارستان'),
(100, 'پاکدشت'),
(101, 'پردیس'),
(102, 'پیشوا'),
(103, 'تهران'),
(104, 'دماوند'),
(105, 'رباطکریم'),
(106, 'ری'),
(107, 'شمیرانات'),
(108, 'شهریار'),
(109, 'فیروزکوه'),
(110, 'قدس'),
(111, 'قرچک'),
(112, 'ملارد'),
(113, 'ورامین'),
(114, 'اردل'),
(115, 'بروجن'),
(116, 'بن'),
(117, 'سامان'),
(118, 'شهرکرد'),
(119, 'فارسان'),
(120, 'کوهرنگ'),
(121, 'کیار'),
(122, 'لردگان'),
(123, 'بشرویه'),
(124, 'بیرجند'),
(125, 'خوسف'),
(126, 'درمیان'),
(127, 'زیرکوه'),
(128, 'سرایان'),
(129, 'سربیشه'),
(130, 'طبس'),
(131, 'فردوس'),
(132, 'قاینات'),
(133, 'نهبندان'),
(134, 'باخرز'),
(135, 'بجستان'),
(136, 'بردسکن'),
(137, 'بینالود'),
(138, 'تایباد'),
(139, 'تربت جام'),
(140, 'تربت حیدریه'),
(141, 'جغتای'),
(142, 'جوین'),
(143, 'چناران'),
(144, 'خلیل آباد'),
(145, 'خواف'),
(146, 'خوشاب'),
(147, 'داورزن'),
(148, 'درگز'),
(149, 'رشتخوار'),
(150, 'زاوه'),
(151, 'سبزوار'),
(152, 'سرخس'),
(153, 'فریمان'),
(154, 'فیروزه'),
(155, 'قوچان'),
(156, 'کاشمر'),
(157, 'کلات'),
(158, 'گناباد'),
(159, 'مشهد'),
(160, 'مه ولات'),
(161, 'نیشابور'),
(162, 'اسفراین'),
(163, 'بجنورد'),
(164, 'جاجرم'),
(165, 'راز و جرگلان'),
(166, 'شیروان'),
(167, 'فاروج'),
(168, 'گرمه'),
(169, 'مانه وسملقان'),
(170, 'آبادان'),
(171, 'آغاجاری'),
(172, 'امیدیه'),
(173, 'اندیکا'),
(174, 'اندیمشک'),
(175, 'اهواز'),
(176, 'ایذه'),
(177, 'باغ ملک'),
(178, 'باوی'),
(179, 'بندرماهشهر'),
(180, 'بهبهان'),
(181, 'حمیدیه'),
(182, 'خرمشهر'),
(183, 'دزفول'),
(184, 'دشت آزادگان'),
(185, 'رامشیر'),
(186, 'رامهرمز'),
(187, 'شادگان'),
(188, 'شوش'),
(189, 'شوشتر'),
(190, 'کارون'),
(191, 'گتوند'),
(192, 'لالی'),
(193, 'مسجدسلیمان'),
(194, 'هفتگل'),
(195, 'هندیجان'),
(196, 'هویزه'),
(197, 'ابهر'),
(198, 'ایجرود'),
(199, 'خدابنده'),
(200, 'خرمدره'),
(201, 'زنجان'),
(202, 'سلطانیه'),
(203, 'طارم'),
(204, 'ماهنشان'),
(205, 'آرادان'),
(206, 'دامغان'),
(207, 'سرخه'),
(208, 'سمنان'),
(209, 'شاهرود'),
(210, 'گرمسار'),
(211, 'مهدی شهر'),
(212, 'میامی'),
(213, 'ایرانشهر'),
(214, 'چابهار'),
(215, 'خاش'),
(216, 'دلگان'),
(217, 'زابل'),
(218, 'زاهدان'),
(219, 'زهک'),
(220, 'سراوان'),
(221, 'سرباز'),
(222, 'سیب و سوران'),
(223, 'فنوج'),
(224, 'قصرقند'),
(225, 'کنارک'),
(226, 'مهرستان'),
(227, 'میرجاوه'),
(228, 'نیک شهر'),
(229, 'نیمروز'),
(230, 'هامون'),
(231, 'هیرمند'),
(232, 'آباده'),
(233, 'ارسنجان'),
(234, 'استهبان'),
(235, 'اقلید'),
(236, 'بوانات'),
(237, 'پاسارگاد'),
(238, 'جهرم'),
(239, 'خرامه'),
(240, 'خرم بید'),
(241, 'خنج'),
(242, 'داراب'),
(243, 'رستم'),
(244, 'زرین دشت'),
(245, 'سپیدان'),
(246, 'سروستان'),
(247, 'شیراز'),
(248, 'فراشبند'),
(249, 'فسا'),
(250, 'فیروزآباد'),
(251, 'قیروکارزین'),
(252, 'کازرون'),
(253, 'کوار'),
(254, 'گراش'),
(255, 'لارستان'),
(256, 'لامرد'),
(257, 'مرودشت'),
(258, 'ممسنی'),
(259, 'مهر'),
(260, 'نی ریز'),
(261, 'آبیک'),
(262, 'آوج'),
(263, 'البرز'),
(264, 'بویین زهرا'),
(265, 'تاکستان'),
(266, 'قزوین'),
(267, 'قم'),
(268, 'بانه'),
(269, 'بیجار'),
(270, 'دهگلان'),
(271, 'دیواندره'),
(272, 'سروآباد'),
(273, 'سقز'),
(274, 'سنندج'),
(275, 'قروه'),
(276, 'کامیاران'),
(277, 'مریوان'),
(278, 'ارزوییه'),
(279, 'انار'),
(280, 'بافت'),
(281, 'بردسیر'),
(282, 'بم'),
(283, 'جیرفت'),
(284, 'رابر'),
(285, 'راور'),
(286, 'رفسنجان'),
(287, 'رودبارجنوب'),
(288, 'ریگان'),
(289, 'زرند'),
(290, 'سیرجان'),
(291, 'شهربابک'),
(292, 'عنبرآباد'),
(293, 'فاریاب'),
(294, 'فهرج'),
(295, 'قلعه گنج'),
(296, 'کرمان'),
(297, 'کوهبنان'),
(298, 'کهنوج'),
(299, 'منوجان'),
(300, 'نرماشیر'),
(301, 'اسلام آبادغرب'),
(302, 'پاوه'),
(303, 'ثلاث باباجانی'),
(304, 'جوانرود'),
(305, 'دالاهو'),
(306, 'روانسر'),
(307, 'سرپل ذهاب'),
(308, 'سنقر'),
(309, 'صحنه'),
(310, 'قصرشیرین'),
(311, 'کرمانشاه'),
(312, 'کنگاور'),
(313, 'گیلانغرب'),
(314, 'هرسین'),
(315, 'باشت'),
(316, 'بویراحمد'),
(317, 'بهمیی'),
(318, 'چرام'),
(319, 'دنا'),
(320, 'کهگیلویه'),
(321, 'گچساران'),
(322, 'لنده'),
(323, 'آزادشهر'),
(324, 'آق قلا'),
(325, 'بندرگز'),
(326, 'ترکمن'),
(327, 'رامیان'),
(328, 'علی آباد'),
(329, 'کردکوی'),
(330, 'کلاله'),
(331, 'گالیکش'),
(332, 'گرگان'),
(333, 'گمیشان'),
(334, 'گنبدکاووس'),
(335, 'مراوه تپه'),
(336, 'مینودشت'),
(337, 'آستارا'),
(338, 'آستانه اشرفیه'),
(339, 'املش'),
(340, 'بندرانزلی'),
(341, 'رشت'),
(342, 'رضوانشهر'),
(343, 'رودبار'),
(344, 'رودسر'),
(345, 'سیاهکل'),
(346, 'شفت'),
(347, 'صومعه سرا'),
(348, 'طوالش'),
(349, 'فومن'),
(350, 'لاهیجان'),
(351, 'لنگرود'),
(352, 'ماسال'),
(353, 'ازنا'),
(354, 'الیگودرز'),
(355, 'بروجرد'),
(356, 'پلدختر'),
(357, 'خرم آباد'),
(358, 'دلفان'),
(359, 'دورود'),
(360, 'دوره'),
(361, 'رومشکان'),
(362, 'سلسله'),
(363, 'کوهدشت'),
(364, 'آمل'),
(365, 'بابل'),
(366, 'بابلسر'),
(367, 'بهشهر'),
(368, 'تنکابن'),
(369, 'جویبار'),
(370, 'چالوس'),
(371, 'رامسر'),
(372, 'ساری'),
(373, 'سوادکوه'),
(374, 'سوادکوه شمالی'),
(375, 'سیمرغ'),
(376, 'عباس آباد'),
(377, 'فریدونکنار'),
(378, 'قایم شهر'),
(379, 'کلاردشت'),
(380, 'گلوگاه'),
(381, 'محمودآباد'),
(382, 'میاندورود'),
(383, 'نکا'),
(384, 'نور'),
(385, 'نوشهر'),
(386, 'آشتیان'),
(387, 'اراک'),
(388, 'تفرش'),
(389, 'خمین'),
(390, 'خنداب'),
(391, 'دلیجان'),
(392, 'زرندیه'),
(393, 'ساوه'),
(394, 'شازند'),
(395, 'فراهان'),
(396, 'کمیجان'),
(397, 'محلات'),
(398, 'ابوموسی'),
(399, 'بستک'),
(400, 'بشاگرد'),
(401, 'بندرعباس'),
(402, 'بندرلنگه'),
(403, 'پارسیان'),
(404, 'جاسک'),
(405, 'حاجی اباد'),
(406, 'خمیر'),
(407, 'رودان'),
(408, 'سیریک'),
(409, 'قشم'),
(410, 'میناب'),
(411, 'اسدآباد'),
(412, 'بهار'),
(413, 'تویسرکان'),
(414, 'رزن'),
(415, 'فامنین'),
(416, 'کبودرآهنگ'),
(417, 'ملایر'),
(418, 'نهاوند'),
(419, 'همدان'),
(420, 'ابرکوه'),
(421, 'اردکان'),
(422, 'اشکذر'),
(423, 'بافق'),
(424, 'بهاباد'),
(425, 'تفت'),
(426, 'خاتم'),
(427, 'مهریز'),
(428, 'میبد'),
(429, 'یزد'),
(430, 'آلبونایی');

-- --------------------------------------------------------

--
-- Table structure for table `events`
--

DROP TABLE IF EXISTS `events`;
CREATE TABLE IF NOT EXISTS `events` (
  `id` int(5) NOT NULL AUTO_INCREMENT,
  `title` varchar(128) CHARACTER SET utf8 COLLATE utf8_persian_ci NOT NULL,
  `text` text CHARACTER SET utf8 COLLATE utf8_persian_ci DEFAULT NULL,
  `link` varchar(128) DEFAULT NULL,
  `chanel_id` int(11) NOT NULL,
  PRIMARY KEY (`id`)
) ENGINE=MyISAM AUTO_INCREMENT=3 DEFAULT CHARSET=latin1;

-- --------------------------------------------------------

--
-- Table structure for table `hashtags`
--

DROP TABLE IF EXISTS `hashtags`;
CREATE TABLE IF NOT EXISTS `hashtags` (
  `id` int(11) NOT NULL AUTO_INCREMENT,
  `name` varchar(128) CHARACTER SET utf8 COLLATE utf8_persian_ci NOT NULL,
  `subcat_id` varchar(128) CHARACTER SET utf8 COLLATE utf8_persian_ci NOT NULL,
  PRIMARY KEY (`id`)
) ENGINE=MyISAM AUTO_INCREMENT=133 DEFAULT CHARSET=latin1;

--
-- Dumping data for table `hashtags`
--

INSERT INTO `hashtags` (`id`, `name`, `subcat_id`) VALUES
(1, 'مردانه', '1'),
(2, 'زنانه', '1'),
(3, 'بچه گانه', '1'),
(4, 'لوازم آرایشگاهی', '2'),
(5, 'تجهیزات آرایشگاهی', '2'),
(6, 'لوازم بهداشتی', '2'),
(7, 'زیورالات', '3'),
(8, 'بدلیجات', '3'),
(9, 'طلافروشی', '3'),
(10, 'ساعت', '4'),
(11, 'عینک آفتابی', '4'),
(12, 'عینک طبی', '4'),
(13, 'لباس ورزش مردانه', '86'),
(14, 'لباس ورزشی زنانه', '86'),
(15, 'لباس ورزشی بچه گانه', '86'),
(16, 'لوازم ورزشی', '86'),
(17, 'تجهیزات ورزشی', '86'),
(18, 'کیف', '6'),
(19, 'کفش', '6'),
(20, 'چمدان', '6'),
(21, 'لوازم سفر وگردشگری', '7'),
(22, 'لوازم کوهنوردی', '7'),
(23, 'لباس و لوازم نظامی', '7'),
(24, 'رستوران', '8'),
(25, 'فست فود', '8'),
(26, 'کافه', '8'),
(27, 'کافی شاپ', '8'),
(28, 'سفره خانه', '8'),
(29, 'سوپر مارکت', '8'),
(30, 'میوه فروشی', '8'),
(31, 'موبایل و تبلت', '9'),
(32, 'لوازم جانبی موبایل و تبلت', '9'),
(33, 'لپتاپ و کامپیوتر', '9'),
(34, 'لوازم جانبی لپتاپ و کامپیوتر', '9'),
(35, 'دوربین', '9'),
(36, 'لوازم جانبی دوربین', '9'),
(37, 'صوتی تصویری', '10'),
(38, 'لوازم برقی', '10'),
(39, 'مبلمان و اثاثیه', '10'),
(40, 'فرش', '10'),
(41, 'لوازم آشپزخانه', '10'),
(42, 'کالای خواب', '10'),
(43, 'لوازم حمام و دستشویی', '10'),
(44, 'تزییناتی', '10'),
(45, 'لوازم ساختمانی', '10'),
(46, 'سیسمونی', '11'),
(47, 'اسباب بازی', '11'),
(48, 'کنسولهای بازی', '11'),
(49, 'لوازم التحریر', '12'),
(50, 'کتاب', '12'),
(51, 'صنایع دستی', '13'),
(52, 'محصولات هنری', '13'),
(53, 'حیوانات', '14'),
(54, 'لوازم حیوانات', '14'),
(55, 'بنگاه های معاملاتی', '15'),
(56, 'لوازم یدکی', '15'),
(57, 'تجهیزات آزمایشگاهی', '16'),
(58, 'کالاهای پزشکی', '16'),
(59, 'تجهیزات صنعتی', '17'),
(60, 'ابزارالات', '17'),
(61, 'ماشین الات', '17'),
(62, 'لوازم اداری', '83'),
(63, 'تجهیزات اداری', '83'),
(64, 'هتل ها', '19'),
(65, 'مسافرخانه ها', '19'),
(66, 'ویلا', '21'),
(67, 'باغ مجالس', '21'),
(68, 'تالار مجالس', '21'),
(69, 'عمومی', '23'),
(70, 'متخصص', '23'),
(71, 'تغذیه و سلامت', '24'),
(72, 'ژیم و تناسب اندام', '24'),
(73, 'سالن های زیبایی', '25'),
(74, 'آرایشگاه ها', '25'),
(75, 'مراکز اسپا', '25'),
(76, 'مراکز تفریحی و سرگرمی', '27'),
(77, 'استخر', '27'),
(78, 'مراکز ماساژ', '27'),
(79, 'گیم نت', '27'),
(80, 'باشگاه های ورزشی', '28'),
(81, 'مراکز آموزش های ورزشی', '28'),
(82, 'تعمیرات کالاهای دیجتال', '29'),
(83, 'تعمیرات موبایل', '29'),
(84, 'تعمیرات لوازم منزل', '29'),
(85, 'طراحی وبسایت', '31'),
(86, 'طراحی گرافیکی', '31'),
(87, 'طراحی اپلیکیشن', '31'),
(88, 'برنامه نویسی', '31'),
(89, 'بازاریابی', '32'),
(90, 'تبلیغات', '32'),
(91, 'برندینگ', '32'),
(92, 'عکاسی', '34'),
(93, 'فیلم برداری مجالس', '34'),
(94, 'فیلم برداری حرفه ایی و صنعتی', '34'),
(95, 'مشاوره ازدواج', '35'),
(96, 'مشاوره خانواده', '35'),
(97, 'مشاوره تحصیلی', '35'),
(98, 'مشاوره کسب و کار', '35'),
(99, 'مشاوره روانشناسی', '35'),
(100, 'مشاوره کودک', '35'),
(101, 'تدریس خصوصی', '36'),
(102, 'آموزش های درسی', '36'),
(103, 'آموزش های غیر درسی', '36'),
(104, 'دانشگاه ها', '37'),
(105, 'مراکز آموزشی', '37'),
(106, 'آموزشگاه ها', '37'),
(107, 'دفاتر حقوقی', '40'),
(108, 'وکلا', '40'),
(109, 'خدمات مالی و حسابداری', '41'),
(110, 'آموزش های مالی و بورس', '41'),
(111, 'کشاورزی', '43'),
(112, 'دامپروری', '43'),
(113, 'طیور', '43'),
(114, 'شیلات', '43'),
(115, 'دکوراسیون و طراحی داخلی', '44'),
(116, 'خدمات طراحی و معماری', '44'),
(117, 'شرکت ها', '45'),
(118, 'نمایندگی ها', '45'),
(119, 'ساخت و احداث', '47'),
(120, 'رنگ امیزی', '47'),
(121, 'تعمیرات', '47'),
(122, 'اسباب کشی', '47'),
(123, 'قالیشویی', '47'),
(124, 'تعمیرات', '48'),
(125, 'صافکاری', '48'),
(126, 'نقاشی و رنگ آمیزی', '48'),
(127, 'کارواش', '48');

-- --------------------------------------------------------

--
-- Table structure for table `offers`
--

DROP TABLE IF EXISTS `offers`;
CREATE TABLE IF NOT EXISTS `offers` (
  `id` int(5) NOT NULL AUTO_INCREMENT,
  `count` int(5) NOT NULL,
  `time_type` varchar(30) NOT NULL,
  `price` int(11) NOT NULL,
  `currency` varchar(30) NOT NULL,
  `type` varchar(30) NOT NULL,
  PRIMARY KEY (`id`)
) ENGINE=MyISAM AUTO_INCREMENT=7 DEFAULT CHARSET=latin1;

--
-- Dumping data for table `offers`
--

INSERT INTO `offers` (`id`, `count`, `time_type`, `price`, `currency`, `type`) VALUES
(1, 1, 'month', 190000, 'r', 'vip'),
(2, 2, 'month', 350000, 'r', 'vip'),
(3, 3, 'month', 550000, 'r', 'vip'),
(4, 0, 'ever', 39000, 'r', 'upgrade');

-- --------------------------------------------------------

--
-- Table structure for table `social_networks`
--

DROP TABLE IF EXISTS `social_networks`;
CREATE TABLE IF NOT EXISTS `social_networks` (
  `id` int(11) NOT NULL AUTO_INCREMENT,
  `name` varchar(64) CHARACTER SET utf8 COLLATE utf8_persian_ci DEFAULT NULL,
  `members_type` varchar(64) CHARACTER SET utf8 COLLATE utf8_persian_ci NOT NULL,
  PRIMARY KEY (`id`)
) ENGINE=MyISAM AUTO_INCREMENT=14 DEFAULT CHARSET=latin1;

--
-- Dumping data for table `social_networks`
--

INSERT INTO `social_networks` (`id`, `name`, `members_type`) VALUES
(1, 'اینستاگرام', 'فالوور'),
(2, 'روبیکا', 'عضو'),
(3, 'بله', 'عضو'),
(4, 'سروش', 'عضو'),
(5, 'ایتا', 'عضو'),
(6, 'ای گپ', 'عضو'),
(7, 'بیسفون', 'عضو'),
(8, 'ویسپی', 'عضو'),
(9, 'گپ', 'عضو'),
(10, 'تلگرام', 'عضو');

-- --------------------------------------------------------

--
-- Table structure for table `storys`
--

DROP TABLE IF EXISTS `storys`;
CREATE TABLE IF NOT EXISTS `storys` (
  `id` int(5) NOT NULL AUTO_INCREMENT,
  `story_duration` int(2) NOT NULL,
  `story_time` int(11) NOT NULL,
  `chanel_ditails_id` int(5) NOT NULL,
  `story_link` text DEFAULT NULL,
  PRIMARY KEY (`id`)
) ENGINE=MyISAM AUTO_INCREMENT=20 DEFAULT CHARSET=latin1;

-- --------------------------------------------------------

--
-- Table structure for table `subcat`
--

DROP TABLE IF EXISTS `subcat`;
CREATE TABLE IF NOT EXISTS `subcat` (
  `id` int(11) NOT NULL AUTO_INCREMENT,
  `name` varchar(256) CHARACTER SET utf8 COLLATE utf8_persian_ci DEFAULT NULL,
  `cat_id` int(11) NOT NULL,
  PRIMARY KEY (`id`)
) ENGINE=MyISAM AUTO_INCREMENT=90 DEFAULT CHARSET=latin1;

--
-- Dumping data for table `subcat`
--

INSERT INTO `subcat` (`id`, `name`, `cat_id`) VALUES
(1, 'مد و لباس', 1),
(2, 'محصولات آرایشی و بهداشتی', 1),
(3, 'زیور آلات و بدلیجات', 1),
(4, 'ساعت و عینک', 1),
(6, 'کیف و کفش و چمدان', 1),
(7, 'لوازم سفر،کوهنوردی و نظامی', 1),
(8, 'فروشگاه های محصولات غذایی', 1),
(9, 'فروشگاه های کالای دیجیتال', 1),
(10, 'لوازم منزل و ساختمان', 1),
(11, 'سیسمونی,بازی و اسباب بازی', 1),
(12, 'لوازم التحریر و کتاب', 1),
(13, 'صنایع دستی و محصولات هنری', 1),
(14, 'حیوانات', 1),
(15, 'خودرو', 1),
(16, 'تجهیزات آزمایشگاهی و کالاهای پزشکی', 1),
(17, 'لوازم ساختمان،برقی،ماشین آلات', 1),
(18, 'املاک', 2),
(19, 'هتل ها و مسافر خانه ها', 2),
(20, 'آژانس های هواپیمایی', 2),
(21, 'ویلا باغ و تالار اجاره ای', 2),
(22, 'گروه های موزیک', 2),
(23, 'پزشکی و سلامت', 2),
(24, 'تغذیه رژیم و تناسب اندام', 2),
(25, 'سالن های زیبایی و آرایشگا ها', 2),
(27, 'تفریحی و سرگرمی', 2),
(28, 'ورزشی', 2),
(29, 'تعمیرات', 2),
(30, 'دفاتر خدماتی و دفاتر اشتراک اینترنت', 2),
(31, 'طراحی‌ وبسایت و گرافیک و برنامه نویسی', 2),
(32, 'بازار یابی و تبلیغات و برندینگ', 2),
(33, 'استارت آپ ها', 2),
(34, 'عکاسی و فیلم برداری', 2),
(35, 'مشاوره', 2),
(36, 'آموزشی', 2),
(37, 'دانشگاه ها مراکز اموزش', 2),
(39, 'مهاجرتی', 2),
(40, 'خدمات حقوقی و وکلا', 2),
(41, 'مالی و اقتصادی', 2),
(42, 'حمل ونقل و باربری', 2),
(43, 'کشاورزی و دامپروری طیور', 2),
(44, 'معماری و طراحی', 2),
(45, 'شرکت ها و نمایندگی ها', 2),
(46, 'استخدام و کار یابی', 2),
(47, 'خدمات  منزل و ساختمان', 2),
(48, 'خدمات اتوموبیل', 2),
(49, 'موسیقی', 3),
(50, 'فیلم وتئاتر', 3),
(51, 'عکس و والپیپر', 3),
(52, 'گیف و استیکر', 3),
(53, 'انیمیشن', 3),
(54, 'سرگرمی و فراغت', 3),
(55, 'موفقیت و انرژی', 3),
(56, 'شعر،ادبی و کتاب', 3),
(57, 'دانستنی و اطلاعات عمومی', 3),
(58, 'جک و خنده', 3),
(59, 'عاشقانه', 3),
(60, 'عجایب', 3),
(61, 'بازی', 3),
(62, 'همسر داری و زناشویی', 3),
(63, 'خانواده و کودک', 3),
(64, 'رویداد و نظر سنجی', 3),
(65, 'خبری', 3),
(66, 'مجله و روزنامه', 3),
(67, 'فرهنگی', 3),
(68, 'تاریخی', 3),
(69, 'مذهبی', 3),
(70, 'جغرافیا و طبیعت', 3),
(71, 'رشته های تحصیلی', 3),
(72, 'علمی وتکنولوژی', 3),
(73, 'هنرمندان', 3),
(74, 'ورزشکاران', 3),
(75, 'مدیران و چهره های سیاسی', 3),
(76, 'مشاهیر و دانشمندان', 3),
(77, 'عمومی', 4),
(78, 'شهر ها', 4),
(79, 'رشته های تحصیلی', 4),
(80, 'آموزش زبان', 4),
(81, 'تبلیغات آزاد', 4),
(82, 'کامپیوتر،سخت افزار،نرم افزار', 2),
(83, 'ماشین های اداری', 1),
(86, 'محصولات ورزشی', 1),
(88, 'صفحه شخصی', 3),
(89, 'اینفلوئنسرها', 3);

-- --------------------------------------------------------

--
-- Table structure for table `wp_post_rates`
--

DROP TABLE IF EXISTS `wp_post_rates`;
CREATE TABLE IF NOT EXISTS `wp_post_rates` (
  `id` int(11) NOT NULL AUTO_INCREMENT,
  `chanel_ditails_id` int(11) NOT NULL,
  `user` varchar(16) NOT NULL,
  `rate` varchar(4) NOT NULL,
  PRIMARY KEY (`id`)
) ENGINE=MyISAM AUTO_INCREMENT=58 DEFAULT CHARSET=latin1;

-- --------------------------------------------------------

--
-- Table structure for table `wp_post_views`
--

DROP TABLE IF EXISTS `wp_post_views`;
CREATE TABLE IF NOT EXISTS `wp_post_views` (
  `id` int(11) NOT NULL AUTO_INCREMENT,
  `chanel_ditails_id` varchar(64) NOT NULL,
  `user` varchar(32) NOT NULL,
  PRIMARY KEY (`id`)
) ENGINE=MyISAM AUTO_INCREMENT=74 DEFAULT CHARSET=latin1;
COMMIT;

/*!40101 SET CHARACTER_SET_CLIENT=@OLD_CHARACTER_SET_CLIENT */;
/*!40101 SET CHARACTER_SET_RESULTS=@OLD_CHARACTER_SET_RESULTS */;
/*!40101 SET COLLATION_CONNECTION=@OLD_COLLATION_CONNECTION */;
